Date,India Confirm,Sri Lanka Confirm,Bangladesh Confirm,Pakistan Confirm,Brazil Confirm,Egypt Confirm,Indonesia Confirm,India Recovery,Sri Lanka Recovery,Bangladesh Recovery,Pakistan Recovery,Brazil Recovery,Egypt Recovery,Indonesia Recovery,India Death,Sri Lanka Death,Bangladesh Death,Pakistan Death,Brazil Death,Egypt Death,Indonesia Death,Bangladesh Measure_count,Brazil Measure_count,Egypt Measure_count,India Measure_count,Indonesia Measure_count,Pakistan Measure_count,Sri Lanka Measure_count
2020-01-08,0,0,0,0,0,0,0,0,0,0,0,0,0,0,0,0,0,0,0,0,0,1,0,0,5,0,0,0
2020-01-22,0,0,0,0,0,0,0,0,0,0,0,0,0,0,0,0,0,0,0,0,0,0,0,0,0,0,0,0
2020-01-23,0,0,0,0,0,0,0,0,0,0,0,0,0,0,0,0,0,0,0,0,0,0,0,0,0,0,0,0
2020-01-24,0,0,0,0,0,0,0,0,0,0,0,0,0,0,0,0,0,0,0,0,0,0,0,0,0,0,0,0
2020-01-25,0,0,0,0,0,0,0,0,0,0,0,0,0,0,0,0,0,0,0,0,0,0,0,0,2,0,0,0
2020-01-26,0,0,0,0,0,0,0,0,0,0,0,0,0,0,0,0,0,0,0,0,0,0,0,0,0,2,0,0
2020-01-27,0,1,0,0,0,0,0,0,0,0,0,0,0,0,0,0,0,0,0,0,0,0,0,0,0,0,0,0
2020-01-28,0,1,0,0,0,0,0,0,0,0,0,0,0,0,0,0,0,0,0,0,0,0,0,0,0,0,0,0
2020-01-29,0,1,0,0,0,0,0,0,0,0,0,0,0,0,0,0,0,0,0,0,0,0,0,0,0,0,0,0
2020-01-30,1,1,0,0,0,0,0,0,0,0,0,0,0,0,0,0,0,0,0,0,0,0,0,0,0,0,0,0
2020-01-31,1,1,0,0,0,0,0,0,0,0,0,0,0,0,0,0,0,0,0,0,0,0,0,0,0,0,0,0
2020-02-01,1,1,0,0,0,0,0,0,0,0,0,0,0,0,0,0,0,0,0,0,0,0,0,0,0,0,0,0
2020-02-02,2,1,0,0,0,0,0,0,0,0,0,0,0,0,0,0,0,0,0,0,0,0,0,0,0,3,0,0
2020-02-03,3,1,0,0,0,0,0,0,0,0,0,0,0,0,0,0,0,0,0,0,0,0,0,0,0,0,0,0
2020-02-04,3,1,0,0,0,0,0,0,0,0,0,0,0,0,0,0,0,0,0,0,0,0,0,0,0,0,0,0
2020-02-05,3,1,0,0,0,0,0,0,0,0,0,0,0,0,0,0,0,0,0,0,0,0,0,0,0,1,0,0
2020-02-06,3,1,0,0,0,0,0,0,0,0,0,0,0,0,0,0,0,0,0,0,0,0,0,0,0,0,0,0
2020-02-07,3,1,0,0,0,0,0,0,0,0,0,0,0,0,0,0,0,0,0,0,0,0,0,0,0,0,0,0
2020-02-08,3,1,0,0,0,0,0,0,1,0,0,0,0,0,0,0,0,0,0,0,0,0,0,0,0,0,0,0
2020-02-09,3,1,0,0,0,0,0,0,1,0,0,0,0,0,0,0,0,0,0,0,0,0,0,0,0,0,0,0
2020-02-10,3,1,0,0,0,0,0,0,1,0,0,0,0,0,0,0,0,0,0,0,0,0,0,0,0,0,0,0
2020-02-11,3,1,0,0,0,0,0,0,1,0,0,0,0,0,0,0,0,0,0,0,0,0,0,0,0,0,0,0
2020-02-12,3,1,0,0,0,0,0,0,1,0,0,0,0,0,0,0,0,0,0,0,0,0,0,0,0,0,1,0
2020-02-13,3,1,0,0,0,0,0,0,1,0,0,0,0,0,0,0,0,0,0,0,0,0,0,0,0,0,0,0
2020-02-14,3,1,0,0,0,1,0,0,1,0,0,0,0,0,0,0,0,0,0,0,0,0,0,0,0,0,0,0
2020-02-15,3,1,0,0,0,1,0,0,1,0,0,0,0,0,0,0,0,0,0,0,0,0,0,0,0,0,0,0
2020-02-16,3,1,0,0,0,1,0,3,1,0,0,0,0,0,0,0,0,0,0,0,0,0,0,0,0,0,0,0
2020-02-17,3,1,0,0,0,1,0,3,1,0,0,0,0,0,0,0,0,0,0,0,0,0,0,0,0,0,0,0
2020-02-18,3,1,0,0,0,1,0,3,1,0,0,0,0,0,0,0,0,0,0,0,0,0,0,0,0,0,0,0
2020-02-19,3,1,0,0,0,1,0,3,1,0,0,0,0,0,0,0,0,0,0,0,0,0,0,0,0,0,0,0
2020-02-20,3,1,0,0,0,1,0,3,1,0,0,0,0,0,0,0,0,0,0,0,0,0,0,0,0,0,1,0
2020-02-21,3,1,0,0,0,1,0,3,1,0,0,0,0,0,0,0,0,0,0,0,0,0,0,0,0,0,0,0
2020-02-22,3,1,0,0,0,1,0,3,1,0,0,0,0,0,0,0,0,0,0,0,0,0,0,0,0,0,0,0
2020-02-23,3,1,0,0,0,1,0,3,1,0,0,0,0,0,0,0,0,0,0,0,0,0,0,0,0,0,0,0
2020-02-24,3,1,0,0,0,1,0,3,1,0,0,0,0,0,0,0,0,0,0,0,0,0,0,0,0,0,2,1
2020-02-25,3,1,0,2,0,1,0,3,1,0,0,0,0,0,0,0,0,0,0,0,0,0,0,0,0,0,0,0
2020-02-26,3,1,0,2,1,1,0,3,1,0,0,0,0,0,0,0,0,0,0,0,0,0,0,0,3,0,0,0
2020-02-27,3,1,0,2,1,1,0,3,1,0,0,0,0,0,0,0,0,0,0,0,0,0,0,0,0,0,0,0
2020-02-28,3,1,0,4,1,1,0,3,1,0,0,0,1,0,0,0,0,0,0,0,0,0,0,0,0,0,2,0
2020-02-29,3,1,0,4,2,1,0,3,1,0,0,0,1,0,0,0,0,0,0,0,0,0,0,0,0,0,0,0
2020-03-01,3,1,0,4,2,2,0,3,1,0,0,0,1,0,0,0,0,0,0,0,0,2,0,0,0,0,0,0
2020-03-02,5,1,0,5,2,2,2,3,1,0,0,0,1,0,0,0,0,0,0,0,0,0,0,0,1,0,0,0
2020-03-03,5,1,0,5,2,2,2,3,1,0,0,0,1,0,0,0,0,0,0,0,0,0,0,0,2,0,0,0
2020-03-04,28,1,0,5,4,2,2,3,1,0,0,0,1,0,0,0,0,0,0,0,0,0,0,0,0,0,0,0
2020-03-05,30,1,0,6,4,3,2,3,1,0,0,0,1,0,0,0,0,0,0,0,0,0,0,0,2,0,0,0
2020-03-06,31,1,0,6,13,15,4,3,1,0,0,0,1,0,0,0,0,0,0,0,0,0,0,0,2,0,1,0
2020-03-07,34,1,0,6,13,15,4,3,1,0,1,0,1,0,0,0,0,0,0,0,0,0,1,0,0,0,0,0
2020-03-08,39,1,3,6,20,49,6,3,1,0,1,0,1,0,0,0,0,0,0,1,0,2,0,0,0,8,0,0
2020-03-09,43,1,3,16,25,55,19,3,1,0,1,0,1,0,0,0,0,0,0,1,0,0,0,0,0,0,0,0
2020-03-10,56,1,3,19,31,59,27,4,1,0,2,0,1,2,0,0,0,0,0,1,0,0,0,0,4,0,0,0
2020-03-11,62,2,3,20,38,60,34,4,1,0,2,0,27,2,1,0,0,0,0,1,1,0,0,0,2,0,0,0
2020-03-12,73,2,3,28,52,67,34,4,1,0,2,0,27,2,1,0,0,0,0,1,1,0,0,0,0,0,0,1
2020-03-13,82,6,3,31,151,80,69,4,1,0,2,0,27,2,2,0,0,0,0,2,4,0,1,0,4,0,2,1
2020-03-14,102,10,3,53,151,109,96,4,1,0,2,0,27,8,2,0,0,0,0,2,5,0,0,0,1,0,0,2
2020-03-15,113,18,5,136,162,110,117,13,1,0,2,0,21,8,2,0,0,0,0,2,5,0,0,2,3,0,0,0
2020-03-16,119,28,8,236,200,150,134,13,1,2,2,1,27,8,2,0,0,0,0,2,5,3,2,0,1,4,0,7
2020-03-17,142,44,10,299,321,196,172,14,1,3,2,2,32,8,3,0,0,0,1,4,5,0,1,2,1,0,1,2
2020-03-18,156,51,14,454,372,196,227,14,1,3,13,2,32,11,3,0,1,2,3,6,19,0,2,0,2,0,1,2
2020-03-19,194,60,17,501,621,256,311,15,3,3,13,2,32,11,4,0,1,3,6,6,25,1,2,3,0,0,4,3
2020-03-20,244,73,20,730,793,285,369,20,3,3,13,2,39,15,5,0,1,3,11,8,32,1,2,0,2,8,2,8
2020-03-21,330,77,25,776,1021,294,450,23,1,3,5,2,41,15,4,0,2,5,15,10,38,1,0,0,0,0,1,1
2020-03-22,396,82,27,875,1546,327,514,27,3,3,5,2,56,29,7,0,2,6,25,14,48,0,0,0,1,0,0,0
2020-03-23,499,97,33,972,1924,366,579,27,3,3,18,2,56,29,10,0,3,7,34,19,49,0,2,0,0,0,0,2
2020-03-24,536,102,39,1063,2247,402,686,40,2,5,21,2,80,30,10,0,4,8,46,20,55,0,0,1,2,0,1,3
2020-03-25,657,102,39,1201,2554,456,790,43,3,7,21,2,95,31,12,0,5,9,59,21,58,0,0,5,0,0,2,4
2020-03-26,727,106,44,1373,2985,495,893,45,7,11,23,6,102,35,20,0,5,11,77,24,78,0,0,0,2,0,2,1
2020-03-27,887,106,48,1495,3417,536,1046,73,7,11,29,6,116,46,20,0,5,12,92,30,87,0,1,0,0,0,1,16
2020-03-28,987,113,48,1597,3904,576,1155,84,9,15,29,6,121,59,24,1,5,14,111,36,102,0,0,0,0,0,1,2
2020-03-29,1024,117,48,1717,4256,609,1285,95,11,15,76,6,132,64,27,1,5,21,136,40,114,3,0,3,0,0,1,3
2020-03-30,1251,122,49,1938,4579,656,1414,102,15,19,76,120,150,75,32,2,5,26,159,41,122,1,2,1,1,1,0,7
2020-03-31,1397,143,51,2118,5717,710,1528,123,17,25,94,127,157,81,35,2,5,27,201,46,136,0,0,1,0,2,3,6
2020-04-01,1998,146,54,2421,6836,779,1677,148,21,25,125,127,179,103,58,3,6,34,240,52,157,0,0,0,0,0,0,3
2020-04-02,2543,151,56,2686,8044,865,1790,191,21,25,126,127,201,112,72,4,6,40,324,58,170,0,0,0,1,0,0,7
2020-04-03,2567,159,61,2818,9056,985,1986,192,24,26,131,127,216,134,72,4,6,41,359,66,181,0,2,0,2,0,0,6
2020-04-04,3082,166,70,3157,10360,1070,2092,229,27,30,211,127,241,150,86,5,8,47,445,71,191,0,0,0,3,0,1,5
2020-04-05,3588,176,88,3766,11130,1173,2273,229,33,33,259,127,247,164,99,5,9,53,486,78,198,0,0,0,0,0,0,5
2020-04-06,4778,178,123,4035,12161,1322,2491,375,38,33,429,127,259,192,136,5,12,57,564,85,209,0,0,0,0,0,0,7
2020-04-07,5311,185,164,4263,14034,1450,2738,421,42,33,467,127,276,204,150,6,17,61,686,94,221,1,0,1,0,0,0,2
2020-04-08,5916,189,218,4489,16170,1560,2956,506,44,33,572,127,305,222,178,7,20,65,819,103,240,0,11,0,0,0,0,1
2020-04-09,6725,190,330,4695,18092,1699,3293,620,49,33,727,173,348,252,226,7,21,66,950,118,280,0,0,1,1,0,1,1
2020-04-10,7598,190,424,5011,19638,1794,3512,774,54,33,762,173,384,282,246,7,27,86,1057,135,306,1,0,0,0,0,1,5
2020-04-11,8446,198,482,5230,20727,1939,3842,969,54,36,1028,173,426,286,288,7,30,91,1124,146,327,0,0,0,0,0,0,5
2020-04-12,9205,210,621,5496,22192,2065,4241,1080,56,39,1095,173,589,359,331,7,34,93,1223,159,373,1,0,0,0,0,0,4
2020-04-13,10453,217,803,5837,23430,2190,4557,1181,56,42,1378,173,589,380,358,7,39,96,1328,164,399,1,0,1,0,0,0,6
2020-04-14,11487,233,1012,6383,25262,2350,4839,1359,61,42,1446,3046,589,426,393,7,46,111,1532,178,459,0,0,0,0,0,0,0
2020-04-15,12322,238,1231,6919,28320,2505,5136,1432,63,49,1645,14026,589,446,405,7,50,128,1736,183,469,0,1,0,0,0,0,1
2020-04-16,13430,238,1572,7025,30425,2673,5516,1768,68,49,1765,14026,596,548,448,7,60,135,1924,196,496,0,2,0,1,0,0,4
2020-04-17,14352,244,1838,7638,33682,2844,5923,2041,77,58,1832,14026,646,607,486,7,75,143,2141,205,520,0,1,0,1,0,0,3
2020-04-18,15722,254,2144,8348,36658,3032,6248,2463,86,66,1868,14026,701,631,521,7,84,168,2354,224,535,0,0,0,1,0,0,1
2020-04-19,17615,271,2456,8418,38654,3144,6575,2854,96,75,1970,22130,732,686,559,7,91,176,2462,239,582,0,0,0,1,0,0,4
2020-04-20,18539,304,2948,9565,40743,3333,6760,3273,98,85,2073,22130,821,747,592,7,101,201,2587,250,590,0,0,0,0,0,0,6
2020-04-21,20080,310,3382,10076,43079,3490,7135,3975,102,87,2156,22991,870,842,645,7,110,212,2741,264,616,0,0,1,2,0,0,2
2020-04-22,21370,330,3772,11155,45757,3659,7418,4370,105,92,2527,25318,935,913,681,7,120,237,2906,276,635,0,1,0,1,0,0,1
2020-04-23,23077,368,4186,11940,50036,3891,7775,5012,107,108,2755,26573,1004,960,721,7,127,253,3331,287,647,0,0,1,0,2,1,1
2020-04-24,24530,420,4689,12723,54043,4092,8211,5498,109,112,2866,27655,1075,1002,780,7,131,269,3704,294,689,0,1,0,1,0,0,2
2020-04-25,26283,460,4998,13328,59324,4319,8607,5939,118,113,2936,29160,1114,1042,825,7,140,281,4057,307,720,0,0,0,1,0,1,8
2020-04-26,27890,523,5416,13915,63100,4534,8882,6523,120,122,3029,30152,1176,1107,881,7,145,292,4286,317,743,0,0,0,1,0,0,0
2020-04-27,29451,588,5913,14612,67446,4782,9096,7137,126,131,3233,31142,1236,1151,939,7,152,312,4603,337,765,0,0,0,1,1,0,4
2020-04-28,31324,619,6462,15525,73235,5042,9511,7747,134,139,3425,32544,1304,1254,1008,7,155,343,5083,359,773,0,0,5,3,1,1,4
2020-04-29,33062,649,7103,16817,79685,5268,9771,8437,136,150,4315,34132,1335,1391,1079,7,163,385,5513,380,784,2,0,0,2,0,0,0
2020-04-30,34863,663,7667,18114,87187,5537,10118,9068,154,160,4715,35935,1381,1522,1154,7,168,417,6006,392,792,0,2,0,1,1,1,0
2020-05-01,37257,690,8238,19103,92202,5895,10551,10007,162,174,4817,38039,1460,1591,1223,7,170,440,6412,406,800,0,2,0,1,3,0,1
2020-05-02,39699,705,8790,20084,97100,6193,10843,10819,172,177,5114,40937,1522,1665,1323,7,175,457,6761,415,831,0,2,0,0,0,2,1
2020-05-03,42505,718,9455,20941,101826,6465,11192,11775,184,1063,5635,42991,1562,1876,1391,7,177,476,7051,429,845,0,0,1,1,0,0,1
2020-05-04,46437,751,10143,22049,108620,6813,11587,12847,194,1209,5801,45815,1632,1954,1566,8,182,514,7367,436,864,0,1,0,4,3,0,4
2020-05-05,49400,771,10929,24073,115455,7201,12071,14142,213,1403,6464,48221,1730,2197,1693,9,183,564,7938,452,872,0,0,0,0,0,0,0
2020-05-06,52987,797,11719,24644,126611,7588,12438,15331,215,1403,6464,51370,1815,2317,1785,9,186,585,8588,469,895,0,0,0,1,1,1,1
2020-05-07,56351,824,12425,26435,135773,7981,12776,16776,232,1910,7530,55350,1887,2381,1889,9,199,599,9190,482,930,0,0,1,0,1,0,0
2020-05-08,59695,835,13134,28736,146894,8476,13112,17887,240,2101,7809,59297,1945,2494,1985,9,206,636,10017,503,943,1,0,0,2,0,0,1
2020-05-09,62808,847,13770,30334,156061,8964,13645,19301,260,2414,8063,61685,2002,2607,2101,9,214,659,10656,514,959,0,0,0,0,0,3,2
2020-05-10,67161,863,14657,32081,162699,9400,14032,20969,321,2650,8555,64957,2075,2698,2212,9,228,706,11123,525,973,0,0,0,1,0,2,2
2020-05-11,70768,869,15691,34336,169594,9746,14265,22549,343,2902,8812,67384,2172,2881,2294,9,239,737,11653,533,991,0,1,2,1,0,1,14
2020-05-12,74292,889,16660,35298,178214,10093,14749,24420,366,3147,8899,72597,2326,3063,2415,9,250,761,12461,544,1007,5,1,0,1,0,2,3
2020-05-13,78055,915,17822,35788,190137,10431,15438,26400,382,3361,9695,78424,2486,3287,2551,9,269,770,13240,556,1028,0,0,0,1,0,0,4
2020-05-14,81997,925,18863,38799,203165,10829,16006,27969,445,3361,10880,79479,2626,3518,2649,9,283,834,13999,571,1043,0,0,0,0,0,0,2
2020-05-15,85784,935,20065,38799,220291,11228,16496,30258,477,3882,10880,84970,2799,3803,2753,9,298,834,14962,592,1076,0,0,0,3,0,2,2
2020-05-16,90648,960,20995,40151,233511,11719,17025,34224,520,4117,11341,89672,2950,3911,2871,9,314,873,15662,612,1089,0,1,0,0,0,0,0
2020-05-17,95698,981,22268,42125,241080,12229,17514,36795,538,4373,11922,94122,3172,4129,3025,9,328,903,16118,630,1148,0,0,0,2,0,0,1
2020-05-18,100328,992,23870,43966,255368,12764,18010,39233,559,4585,12489,100459,3440,4324,3156,9,349,939,16853,645,1191,0,0,0,2,0,0,0
2020-05-19,106475,1027,25121,45898,271885,13484,18496,42309,569,4993,13101,106794,3742,4467,3302,9,370,985,17983,659,1221,0,0,1,0,0,2,0
2020-05-20,112028,1028,26738,48091,291579,14229,19189,45422,584,5207,14155,116683,3994,4575,3434,9,386,1017,18859,680,1242,0,0,0,0,0,1,0
2020-05-21,118226,1055,28511,50694,310087,15003,20162,48553,604,5602,15201,125960,4217,4838,3584,9,408,1067,20047,696,1278,0,0,0,1,0,4,2
2020-05-22,124794,1068,30205,52437,330890,15786,20796,51824,620,6190,16653,135430,4374,5057,3726,9,432,1101,21048,707,1326,0,1,2,0,1,0,4
2020-05-23,131423,1089,32078,54601,347398,16513,21745,54385,660,6486,17198,142587,4628,5249,3868,9,452,1133,22013,735,1351,0,0,3,0,0,0,4
2020-05-24,138536,1141,33610,56349,363211,17265,22271,57692,674,6901,17482,149911,4807,5402,4024,9,480,1167,22666,764,1372,0,0,0,1,0,0,0
2020-05-25,144950,1182,35585,57705,374898,17967,22750,60706,695,7334,18314,153833,4900,5642,4172,10,501,1197,23473,783,1391,0,2,0,1,3,0,7
2020-05-26,150793,1319,36751,59151,391222,18756,23165,64277,712,7579,19142,158593,5027,5877,4344,10,522,1225,24512,797,1418,0,0,0,1,0,0,0
2020-05-27,158086,1469,38292,61227,411821,19666,23851,67749,732,7925,20231,166647,5205,6057,4534,10,544,1260,25598,816,1473,0,0,0,0,1,0,0
2020-05-28,165386,1530,40321,64028,438238,20793,24538,70920,745,8425,22305,177604,5359,6240,4711,10,559,1317,26754,845,1496,0,0,0,0,1,0,2
2020-05-29,173491,1558,42844,66457,465166,22082,25216,82627,754,9015,24131,189476,5511,6492,4980,10,582,1395,27878,879,1520,0,2,0,1,0,0,4
2020-05-30,181827,1620,44608,69496,498440,23449,25773,86936,781,9375,25271,200892,5693,7015,5185,10,610,1483,28834,913,1573,0,0,2,1,0,0,0
2020-05-31,190609,1633,47153,72460,514849,24985,26473,91852,801,9781,26083,206555,6037,7308,5408,10,650,1543,29314,959,1613,8,0,0,0,0,0,1
2020-06-01,198370,1643,49534,76398,526447,26384,26940,95754,811,10597,27110,211080,6447,7637,5608,11,672,1621,29937,1005,1641,1,2,1,1,1,0,0
2020-06-02,207191,1683,52445,80463,555383,27536,27549,100285,823,11120,28923,223638,6827,7935,5829,11,709,1688,31199,1052,1663,0,0,0,0,0,0,0
2020-06-03,216824,1749,55140,85264,584016,28615,28233,104071,836,11590,30128,238617,7350,8406,6088,11,746,1770,32548,1088,1698,0,0,0,1,0,0,0
2020-06-04,226713,1797,57563,89249,614941,29767,28818,108450,839,12161,31198,254963,7756,8892,6363,11,781,1838,34021,1126,1721,0,0,0,2,0,0,1
2020-06-05,236184,1801,60391,93983,645771,31115,29521,113233,858,12804,32581,266940,8158,9443,6649,11,811,1935,35026,1166,1770,0,0,0,0,0,0,3
2020-06-06,246622,1814,63026,98943,672846,32612,30514,118695,891,13325,33465,277149,8538,9907,6946,11,846,2002,35930,1198,1801,0,0,0,0,0,0,1
2020-06-07,257486,1835,65769,103671,691758,34079,31186,123848,941,13903,34355,283952,8961,10498,7207,11,888,2067,36455,1237,1851,0,0,0,0,0,1,0
2020-06-08,265928,1857,68504,108317,707412,35444,32033,129095,990,14560,35018,378257,9375,10904,7473,11,930,2172,37134,1271,1883,0,0,0,2,0,0,1
2020-06-09,276146,1859,71675,113702,739503,36829,33076,134670,1057,15337,36308,396737,9786,11414,7750,11,975,2255,38406,1306,1923,0,0,0,0,0,0,1
2020-06-10,286605,1869,74865,119536,772416,38284,34316,135206,1122,15900,36308,413916,10289,12129,8102,11,1012,2356,39680,1342,1959,0,1,0,0,0,0,0
2020-06-11,297535,1877,78052,125933,802828,39726,35295,147195,1150,16747,40247,429965,10691,12636,8498,11,1049,2463,40919,1377,2000,0,0,0,0,0,0,3
2020-06-12,308993,1880,81523,125933,828810,41303,36406,154330,1196,17249,40247,445123,11108,13213,8884,11,1095,2463,41828,1422,2048,0,0,0,0,0,0,1
2020-06-13,320922,1884,84379,132405,850514,42980,37420,162379,1252,17828,50056,459436,11529,13776,9195,11,1139,2551,42720,1484,2091,0,0,0,1,0,0,0
2020-06-14,332424,1889,87520,144478,867624,44598,38277,169798,1287,18730,53721,469141,11931,14531,9520,11,1171,2729,43332,1575,2134,0,0,1,0,0,0,0
2020-06-15,343091,1905,90619,148921,888271,46289,39294,180013,1342,18731,56390,477709,12329,15123,9900,11,1209,2839,43959,1672,2198,0,0,0,1,0,1,1
2020-06-16,354065,1915,94481,154760,923189,47856,40400,186935,1371,36264,58437,490005,12730,15703,11903,11,1262,2975,45241,1766,2231,0,0,0,0,0,0,0
2020-06-17,366946,1924,98489,160118,955377,49219,41431,194325,1397,38189,59215,521046,13141,16243,12237,11,1305,3093,46510,1850,2276,0,0,0,0,0,0,1
2020-06-18,380532,1947,102292,165062,978142,50437,42762,204711,1421,40164,61383,534580,13528,16798,12573,11,1343,3229,47748,1938,2339,0,0,0,1,0,0,3
2020-06-19,395048,1950,105535,171666,1032913,52211,43803,213831,1446,42945,63504,551631,13928,17349,12948,11,1388,3382,48954,2017,2373,0,1,0,3,0,0,1
2020-06-20,410451,1950,108775,176617,1067579,53758,45029,227728,1472,43993,67892,576779,14327,17883,13254,11,1425,3501,49976,2106,2429,0,0,0,2,0,1,0
2020-06-21,425282,1950,112306,181088,1083341,55233,45891,237196,1498,45077,71458,588118,14736,18404,13699,11,1464,3590,50591,2193,2465,0,0,0,3,0,0,0
2020-06-22,440215,1951,115786,185034,1106470,56809,46845,248190,1526,46755,73471,601736,15133,18735,14011,11,1502,3695,51271,2278,2500,0,0,0,2,0,0,0
2020-06-23,456183,1991,119198,188926,1145906,58141,47896,258685,1548,47635,77754,627963,15535,19241,14476,11,1545,3755,52645,2365,2535,0,0,0,2,0,0,0
2020-06-24,473105,2001,122660,192970,1188631,59561,49009,271697,1562,49666,81307,660469,15935,19658,14894,11,1582,3903,53830,2450,2573,0,0,1,0,0,0,3
2020-06-25,490401,2010,126606,195745,1228114,61130,50187,285637,1602,51495,84168,679524,16338,20449,15301,11,1621,3962,54971,2533,2620,1,0,0,0,0,1,1
2020-06-26,508953,2014,130474,198883,1274974,62755,51427,295881,1619,53133,86906,702399,16737,21333,15685,11,1661,4035,55961,2620,2683,0,1,0,0,0,0,0
2020-06-27,528859,2033,133978,202955,1313667,63923,52812,309713,1639,54318,92624,727715,17140,21909,16095,11,1695,4118,57070,2708,2720,0,0,2,0,0,0,1
2020-06-28,548318,2037,137787,206512,1344143,65188,54010,321723,1661,55727,95407,746018,17539,22936,16475,11,1738,4167,57622,2789,2754,0,0,0,0,0,0,0
2020-06-29,566840,2039,141801,209337,1368195,66754,55092,334822,1678,57780,98503,757811,17951,23800,16893,11,1783,4304,58314,2872,2805,0,0,0,0,0,0,4
2020-06-30,585481,2047,145483,213470,1402041,68311,56385,347912,1711,59624,100802,788318,18460,24806,17400,11,1847,4395,59594,2953,2876,1,3,0,0,0,0,0
2020-07-01,604641,2054,149258,217809,1448753,69814,57770,359860,1748,62108,104694,817642,18881,25595,17834,11,1888,4473,60632,3034,2934,1,1,2,0,0,0,0
2020-07-02,625544,2066,153277,221896,1496858,71299,59394,379892,1827,66442,113623,957692,19288,26667,18213,11,1926,4551,61884,3120,2987,0,0,0,0,0,3,0
2020-07-03,648315,2069,156391,221896,1539081,72711,60695,394227,1863,68048,113623,984615,19690,27568,18655,11,1968,4551,63174,3201,3036,0,0,0,0,0,0,3
2020-07-04,673165,2074,159679,225283,1577004,74035,62142,409083,1885,70721,125094,990731,20103,28219,19268,11,1997,4619,64265,3280,3089,0,0,0,0,0,0,1
2020-07-05,697413,2076,162417,231818,1603055,75253,63749,424433,1903,72625,131649,1029045,20726,29105,19693,11,2052,4762,64867,3343,3171,0,0,0,1,0,0,1
2020-07-06,719664,2077,165618,234509,1623284,76222,64958,439934,1917,76149,134957,1062542,21238,29919,20159,11,2096,4839,65487,3422,3241,0,1,0,2,1,0,3
2020-07-07,742417,2081,168645,237489,1668589,77279,66226,456831,1955,78102,140965,1107012,21718,30785,20642,11,2151,4922,66741,3489,3309,0,0,0,0,0,0,0
2020-07-08,767296,2094,172134,240848,1713160,78304,68079,476378,1967,80838,145311,1139844,22241,31585,21129,11,2197,4983,67964,3564,3359,0,0,0,1,0,0,1
2020-07-09,793802,2154,175494,243599,1755779,79254,70736,495513,1979,84544,149092,1171447,22753,32651,21604,11,2238,5058,69184,3617,3417,0,0,0,0,0,0,2
2020-07-10,820916,2454,178443,246351,1800827,80235,72347,515386,1980,86406,153134,1217361,23274,33529,22123,11,2275,5123,70398,3702,3469,0,0,0,0,0,0,1
2020-07-11,849522,2511,181129,248872,1839850,81158,74018,534618,1980,88034,156700,1244088,23876,34719,22673,11,2305,5197,71469,3769,3535,0,0,0,0,0,0,0
2020-07-12,878254,2617,183795,251625,1864681,82070,75699,553471,1981,93614,161917,1264843,24419,35638,23174,11,2352,5266,72100,3858,3606,0,0,0,0,0,0,1
2020-07-13,906752,2646,186894,253604,1884967,83001,76981,571460,1981,98317,170656,1291251,24975,36689,23727,11,2391,5320,72833,3935,3656,0,0,0,1,2,0,0
2020-07-14,936181,2665,190057,255769,1926824,83930,78572,592032,1988,103227,172810,1323425,25544,37636,24309,11,2424,5386,74133,4008,3710,0,0,0,1,0,0,0
2020-07-15,968857,2671,193590,257914,1966748,84843,80094,612768,2001,105523,178737,1350098,26135,39050,24914,11,2457,5426,75366,4067,3797,0,0,0,0,0,0,2
2020-07-16,1003832,2687,196323,257914,2012151,85771,81668,635757,2007,106963,178737,1397531,26691,40345,25602,11,2496,5426,76688,4120,3873,0,0,0,0,0,0,0
2020-07-17,1039084,2697,199357,261917,2046328,86474,83130,653751,2012,108725,198509,1428520,27302,41834,26273,11,2547,5522,77851,4188,3957,0,0,0,0,0,0,0
2020-07-18,1077781,2703,202066,263496,2074860,87172,84882,677423,2023,110098,204276,1447408,27868,43268,26816,11,2581,5568,78772,4251,4016,0,0,0,0,0,0,2
2020-07-19,1118206,2724,204525,265083,2098389,87775,86521,700087,2035,111642,205929,1459072,28380,45401,27497,11,2618,5599,79488,4302,4143,0,0,0,0,0,0,0
2020-07-20,1155338,2730,207453,266096,2118646,88402,88214,724578,2041,113556,208030,1514300,28924,46977,28082,11,2668,5639,80120,4352,4239,0,0,0,1,4,0,0
2020-07-21,1193078,2730,210510,267428,2159654,89078,89869,753050,2048,115397,210468,1555339,29473,48466,28732,11,2709,5677,81487,4399,4320,0,0,0,1,1,0,0
2020-07-22,1238798,2752,213254,269191,2227514,89745,91751,782607,2064,117202,213175,1591975,30075,50255,29861,11,2751,5709,82771,4440,4459,0,1,0,0,0,0,0
2020-07-23,1288108,2753,216110,270400,2287475,90413,93657,817209,2077,119208,219783,1620313,31066,52164,30601,11,2801,5763,84082,4480,4576,7,0,0,0,0,0,0
2020-07-24,1337024,2764,218658,271887,2343366,91072,95418,849432,2094,120976,236596,1693214,31970,53945,31358,11,2836,5787,85238,4518,4665,0,0,0,1,0,0,0
2020-07-25,1385635,2770,221178,273113,2394513,91583,97286,885573,2103,122090,237434,1785359,32903,55354,32060,11,2874,5822,86449,4558,4714,0,0,0,0,0,0,1
2020-07-26,1435616,2782,223453,273113,2419091,92062,98778,917568,2106,123882,237434,1812913,33831,56655,32771,11,2928,5822,87004,4606,4781,0,0,0,0,0,0,0
2020-07-27,1480073,2805,226225,274289,2442375,92482,100303,951166,2121,125683,241026,1846641,34838,58173,33408,11,2965,5842,87618,4652,4838,0,0,0,0,1,0,0
2020-07-28,1531669,2810,229185,275225,2483191,92947,102051,988029,2296,127414,242436,1868749,35959,60539,34193,11,3000,5865,88539,4691,4901,0,0,0,2,0,0,0
2020-07-29,1581963,2810,232194,276288,2552265,93356,104432,1019735,2317,130292,244883,1922802,37025,62138,34955,11,3035,5892,90134,4728,4975,0,3,0,0,0,0,0
2020-07-30,1634746,2814,234889,277402,2610102,93757,106336,1055348,2333,132960,246131,1956807,38236,64292,35718,11,3083,5924,91263,4774,5058,0,0,0,1,0,0,0
2020-07-31,1695988,2815,237661,278305,2662485,94078,108376,1094374,2391,135136,247177,2008854,39638,65907,36511,11,3111,5951,92475,4805,5131,0,0,0,0,0,0,0
2020-08-01,1750723,2815,239860,278305,2707877,94316,109936,1145629,2439,136253,247177,2037982,41137,67919,37364,11,3132,5951,93563,4834,5193,0,0,0,0,0,0,9
2020-08-02,1803695,2823,240746,279699,2733677,94483,111455,1186203,2514,136839,248577,2062876,42455,68975,38135,11,3154,5976,94104,4865,5236,0,0,0,0,0,0,0
2020-08-03,1855745,2828,242102,280461,2750318,94640,113134,1230509,2517,137905,249397,2098976,44066,70237,38938,11,3184,5999,94665,4888,5302,0,0,0,0,0,0,0
2020-08-04,1908254,2834,244020,280461,2801921,94752,115056,1282215,2524,139860,249397,2157484,45569,72050,39795,11,3234,5999,95819,4912,5388,0,0,0,0,0,0,0
2020-08-05,1964536,2839,246674,281136,2859073,94875,116871,1328336,2537,141750,254286,2190361,47182,73889,40699,11,3267,6014,97256,4930,5452,0,0,0,0,0,0,1
2020-08-06,2027074,2839,249651,281863,2912212,95006,118753,1378105,2541,143824,256058,2230542,48898,75645,41585,11,3306,6035,98493,4951,5521,0,0,0,0,0,1,0
2020-08-07,2088611,2839,252502,282645,2962442,95147,121226,1427005,2564,145584,258099,2272299,50553,77557,42518,11,3333,6052,99572,4971,5593,0,1,0,0,0,0,0
2020-08-08,2153010,2841,255113,283487,3012412,95314,123503,1480884,2576,146604,259604,2321537,51672,79306,43379,11,3365,6068,100477,4992,5658,0,0,0,1,0,0,0
2020-08-09,2215074,2844,257600,284121,3035422,95492,125396,1535743,2579,148370,260248,2356983,52678,80952,44386,11,3399,6082,101049,5009,5723,0,2,0,0,0,1,1
2020-08-10,2268675,2871,260507,284660,3057470,95666,127083,1583489,2593,150437,260764,2390830,53779,82236,45257,11,3438,6097,101752,5035,5765,0,0,0,0,0,0,2
2020-08-11,2329638,2880,263503,285191,3109630,95834,128776,1639599,2622,151972,261246,2449338,54888,83710,46091,11,3471,6112,103026,5059,5824,0,0,3,0,0,0,0
2020-08-12,2396637,2881,266498,285921,3164785,95963,130718,1695982,2638,153089,263193,2506228,55901,85798,47033,11,3513,6129,104201,5085,5903,0,0,0,0,0,0,1
2020-08-13,2461190,2882,269115,286674,3224876,96108,132816,1751555,2646,154871,264060,2521100,56890,87558,48040,11,3557,6139,105463,5107,5968,0,0,0,0,7,0,0
2020-08-14,2525922,2886,271881,287300,3275520,96220,135123,1808936,2658,156623,265215,2616981,57858,89618,49036,11,3591,6153,106523,5124,6021,0,0,0,0,0,0,0
2020-08-15,2589952,2890,274525,288047,3317096,96336,137468,1862258,2666,157635,265624,2622878,58835,91321,49980,11,3625,6162,107232,5141,6071,0,0,0,0,0,0,1
2020-08-16,2647663,2893,276549,289215,3340197,96475,139549,1919842,2670,158950,269087,2655017,59743,93103,50921,11,3657,6175,107852,5160,6150,0,0,0,0,0,0,0
2020-08-17,2702681,2900,279144,289215,3359570,96590,141370,1977671,2676,160591,269087,2699080,60651,94458,51797,11,3694,6175,108536,5173,6207,0,0,1,0,0,0,0
2020-08-18,2767253,2902,282344,289832,3407354,96753,143043,2037816,2755,162825,269989,2751246,61562,96306,52888,11,3740,6190,109888,5184,6277,0,0,0,0,0,0,0
2020-08-19,2836925,2902,285091,290445,3456652,96914,144945,2096664,2760,165738,272128,2801931,62553,98657,53866,11,3781,6201,111100,5197,6346,0,0,0,1,0,0,0
2020-08-20,2905825,2918,287959,290958,3501975,97025,147211,2158946,2765,168991,272804,2844318,63462,100674,54849,11,3822,6209,112304,5212,6418,0,0,0,0,0,0,0
2020-08-21,2975701,2941,290360,291588,3532330,97148,149408,2222577,2789,172615,273579,2855558,64318,102991,55794,11,3861,6219,113358,5231,6500,0,0,0,0,0,0,0
2020-08-22,3044940,2947,292625,292174,3582362,97237,151498,2280566,2798,175567,275317,2913966,65118,105198,56706,12,3907,6231,114250,5243,6594,0,0,0,0,0,0,0
2020-08-23,3106348,2953,294598,293261,3605783,97340,153535,2338035,2805,179091,276829,2947784,65927,107500,57542,12,3941,6244,114744,5262,6680,0,0,0,0,0,0,0
2020-08-24,3167323,2959,297083,293261,3622861,97478,155412,2404585,2811,182875,276829,2976256,66817,111060,58390,12,3983,6244,115309,5280,6759,0,0,0,0,0,0,0
2020-08-25,3224547,2971,299628,293711,3669995,97619,157859,2458339,2816,186756,278425,3032551,67717,112867,59357,12,4028,6255,116580,5298,6858,0,0,0,0,0,0,0
2020-08-26,3310234,2984,302147,294193,3717156,97825,160165,2523771,2819,190183,278939,3082447,68713,115409,60472,12,4082,6267,117665,5317,6944,0,2,0,0,0,0,0
2020-08-27,3387500,2986,304583,294638,3761391,98062,162884,2583948,2830,193458,279561,3122846,69612,118575,61529,12,4127,6274,118649,5342,7064,0,0,0,0,0,0,0
2020-08-28,3463972,2989,306794,295053,3804803,98285,165887,2648998,2842,196836,279937,3158783,70419,120900,62550,12,4174,6283,119504,5362,7169,0,0,0,0,0,0,0
2020-08-29,3542733,2995,308925,295372,3846153,98497,169195,2713933,2849,198863,280340,3202185,71302,122802,63498,12,4206,6284,120262,5376,7261,0,0,0,0,0,0,0
2020-08-30,3621245,3012,310822,295636,3862311,98727,172053,2774801,2860,201907,280547,3237615,72120,124185,64469,12,4248,6288,120828,5399,7343,0,0,0,0,0,0,0
2020-08-31,3691166,3049,312996,295849,3908272,98939,174796,2839882,2868,204887,280682,3268591,72929,125959,65288,12,4281,6294,121381,5421,7417,3,0,0,0,0,0,0
2020-09-01,3769523,3092,314946,296149,3950931,99115,177571,2901908,2879,208177,280970,3345240,73828,128057,66333,12,4316,6298,122596,5440,7505,0,0,0,0,0,0,0
2020-09-02,3853406,3101,317528,297014,3997865,99280,180646,2970492,2883,211016,281925,3387309,74626,129971,67376,12,4351,6328,123780,5461,7616,0,0,0,0,0,0,0
2020-09-03,3936747,3111,319686,297512,4041638,99425,184268,3037151,2883,213980,282268,3429435,75415,132055,68472,12,4383,6335,124614,5479,7750,0,0,0,0,0,0,0
2020-09-04,4023179,3115,321615,298025,4091801,99582,187537,3107223,2907,216191,282553,3464278,76305,134181,69561,12,4412,6340,125502,5495,7832,0,0,0,0,0,0,0
2020-09-05,4113811,3121,323565,298025,4123000,99712,190665,3180865,2918,217852,282553,3498999,77208,136401,70626,12,4447,6340,126203,5511,7940,0,0,0,0,0,0,0
2020-09-06,4204613,3123,325157,298903,4137521,99863,194109,3250429,2925,221275,286016,3522155,78108,138575,71642,12,4479,6345,126650,5530,8025,0,0,0,0,0,0,0
2020-09-07,4280422,3123,327359,299233,4147794,100041,196989,3323950,2926,224573,286157,3549201,79008,140652,72775,12,4516,6350,126960,5541,8130,0,0,0,0,0,0,0
2020-09-08,4370128,3140,329251,299659,4162073,100228,200035,3398844,2935,227809,286506,3572421,79886,142958,73890,12,4552,6359,127464,5560,8230,0,0,0,1,0,0,0
2020-09-09,4465863,3147,331078,300030,4197889,100403,203342,3471783,2946,230804,287658,3611632,80689,145200,75062,12,4593,6365,128539,5577,8336,0,0,0,0,0,0,0
2020-09-10,4562414,3155,332970,300371,4238446,100557,207203,3542663,2955,233550,288206,3657701,81597,147510,76271,12,4634,6370,129522,5590,8456,0,0,0,0,0,0,0
2020-09-11,4659984,3169,334762,300955,4282164,100708,210940,3624196,2969,236024,288536,3695158,82473,150217,77472,12,4668,6373,130396,5607,8544,0,0,0,0,0,0,0
2020-09-12,4754356,3195,336044,301481,4315687,100856,214746,3702595,2983,238271,289429,3723206,83261,152458,78586,12,4702,6379,131210,5627,8650,0,0,0,0,0,0,0
2020-09-13,4846427,3234,337520,302020,4330455,101009,218382,3780107,2996,240643,289806,3723206,84161,155010,79722,12,4733,6383,131625,5648,8723,0,0,0,0,0,0,0
2020-09-14,4930236,3262,339332,302424,4345610,101177,221523,3859399,3005,243155,290261,3770138,84969,158405,80776,13,4759,6389,132006,5661,8841,0,0,0,0,5,0,0
2020-09-15,5020359,3271,341056,303089,4382263,101340,225030,3942360,3016,245594,290760,3811505,85745,161065,82066,13,4802,6393,133119,5679,8965,0,0,0,0,1,0,0
2020-09-16,5118253,3271,342671,303634,4419083,101500,228993,4025079,3021,247969,291169,3845464,86549,164101,83198,13,4823,6399,134106,5696,9100,0,0,0,0,0,0,0
2020-09-17,5214677,3276,344264,304386,4455386,101641,232628,4112551,3043,250412,291683,3873934,87158,166686,84372,13,4859,6408,134935,5715,9222,0,0,0,0,0,0,0
2020-09-18,5308014,3281,345805,305031,4495183,101772,236519,4208431,3060,252335,292044,3897539,87958,170774,85619,13,4881,6415,135793,5733,9336,0,0,0,0,0,0,0
2020-09-19,5400619,3283,347372,305671,4528240,101900,240687,4303043,3070,254386,292303,3936893,88666,174350,86752,13,4913,6416,136532,5750,9448,0,0,0,0,0,0,0
2020-09-20,5487580,3287,348918,306304,4544629,102015,244676,4396399,3088,256565,292869,3963446,89532,177327,87882,13,4939,6420,136895,5770,9553,0,0,0,0,0,0,0
2020-09-21,5562663,3299,350621,306886,4558040,102141,248852,4497867,3100,258717,293159,3993432,90332,180797,88935,13,4979,6424,137272,5787,9677,0,0,0,0,0,0,0
2020-09-22,5646010,3313,352178,307418,4591364,102254,252923,4587613,3118,260790,293916,4016831,91143,184298,90020,13,5007,6432,138105,5806,9837,0,0,0,0,0,0,0
2020-09-23,5732518,3324,353844,308217,4591364,102375,257388,4674987,3129,262953,294392,4046827,91843,187958,91149,13,5044,6437,138105,5822,9977,0,0,0,0,0,0,0
2020-09-24,5818570,3333,355384,309015,4657702,102513,262022,4756164,3142,265092,294740,4102954,92644,191853,92290,13,5072,6444,139808,5835,10105,0,0,0,0,0,0,0
2020-09-25,5903932,3345,356767,309581,4689613,102625,266845,4849584,3158,267024,295333,4128490,93531,196196,93379,13,5093,6451,140537,5853,10218,0,0,0,0,0,0,0
2020-09-26,5992532,3349,357873,310275,4717991,102736,271339,4941627,3186,268777,295613,4153307,94374,199403,94503,13,5129,6457,141406,5869,10308,0,0,0,0,0,0,0
2020-09-27,6074702,3360,359148,310841,4732309,102840,275213,5016520,3208,270491,296022,4172711,95080,203014,95542,13,5161,6466,141741,5883,10386,0,0,0,0,0,0,0
2020-09-28,6145291,3363,360555,311516,4745464,102955,278722,5101397,3210,272073,296340,4197372,95586,206870,96318,13,5193,6474,142058,5901,10473,0,0,0,0,0,0,0
2020-09-29,6225763,3374,362043,312263,4777522,103079,282724,5187825,3230,273698,296881,4237152,96094,210437,97497,13,5219,6479,142921,5914,10601,0,0,0,0,0,0,0
2020-09-30,6312584,3380,363479,312806,4810935,103198,287008,5273201,3230,275487,297497,4274774,96494,214947,98678,13,5251,6484,143952,5930,10740,0,0,0,0,0,0,0
2020-10-01,6394068,3382,364987,313431,4847092,103317,291182,5352078,3233,277078,298055,4299659,96855,218487,99773,13,5272,6499,144680,5946,10856,0,0,0,0,0,0,0
2020-10-02,6473544,3388,366383,313984,4847092,103466,295499,5427706,3245,278627,298593,4299659,97143,221340,100842,13,5305,6507,144680,5956,10972,0,0,0,0,0,0,0
2020-10-03,6549373,3395,367565,314616,4906833,103575,299506,5509966,3254,280069,298968,4361108,97274,225052,101782,13,5325,6513,145987,5970,11055,0,0,0,0,0,0,0
2020-10-04,6623815,3402,368690,314616,4915289,103683,303498,5586703,3258,281656,298968,4375354,97355,228453,102685,13,5348,6513,146352,5981,11151,0,0,0,0,0,0,0
2020-10-05,6685082,3513,370132,315727,4927235,103781,307120,5662490,3259,283182,300616,4397882,97398,232593,103569,13,5375,6523,146675,5990,11253,0,0,0,0,0,0,0
2020-10-06,6757131,4252,371631,316351,4969141,103902,311176,5744693,3266,284833,301288,4430340,97449,236437,104555,13,5405,6535,147494,6001,11374,0,0,0,0,0,0,0
2020-10-07,6835655,4459,373151,316934,5000694,104035,315714,5827704,3274,286631,302375,4457172,97492,240291,105526,13,5440,6544,148228,6010,11472,0,0,0,0,0,0,0
2020-10-08,6906151,4488,374592,317595,5028444,104156,320564,5906069,3278,288316,302708,4488092,97524,244060,106490,13,5460,6552,148957,6017,11580,0,0,0,0,0,0,0
2020-10-09,6979423,4523,375870,318266,5055888,104262,324658,5988822,3296,289912,303062,4502854,97592,247667,107416,13,5477,6558,149639,6029,11677,0,0,0,0,0,0,0
2020-10-10,7053806,4628,377073,318932,5082637,104387,328952,6077976,3306,291365,303458,4502854,97643,251481,108334,13,5500,6570,150198,6040,11765,0,0,0,0,0,0,0
2020-10-11,7120538,4752,378266,319317,5094979,104516,333449,6149535,3307,292860,304185,4526393,97688,255027,109150,13,5524,6580,150488,6052,11844,0,0,0,0,0,0,0
2020-10-12,7175880,4844,379738,319848,5103408,104648,336716,6227295,3317,294391,304609,4526393,97743,258519,109856,13,5555,6588,150689,6062,11935,0,0,0,0,0,0,0
2020-10-13,7239389,5038,381275,320463,5113628,104787,340622,6301927,3328,295873,305080,4526393,97841,263296,110586,13,5577,6601,150998,6071,12027,0,0,0,0,0,0,0
2020-10-14,7307097,5170,382959,321218,5140863,104915,344749,6383441,3357,297449,305395,4526393,97920,267851,111266,13,5593,6614,151747,6077,12156,0,0,0,0,0,0,0
2020-10-15,7370468,5244,384559,321877,5169386,105033,349160,6453779,3380,299229,305835,4526393,98011,273661,112161,13,5608,6621,152460,6088,12268,0,0,0,0,0,0,0
2020-10-16,7432680,5354,386086,322452,5200300,105159,353461,6524595,3385,300738,306640,4526393,98089,277544,112998,13,5623,6638,153214,6099,12347,0,0,0,0,0,0,0
2020-10-17,7494551,5475,387295,323019,5224362,105297,357762,6597209,3395,302298,307069,4526393,98157,281592,114031,13,5646,6654,153675,6109,12431,0,0,0,0,0,0,0
